#Release 14.7 - par P.20131013 (nt64)
#Copyright (c) 1995-2013 Xilinx, Inc.  All rights reserved.

#Mon Nov 16 23:14:18 2020

#
## NOTE: This file is designed to be imported into a spreadsheet program
# such as Microsoft Excel for viewing, printing and sorting. The |
# character is used as the data field separator. This file is also designed
# to support parsing.
#
#INPUT FILE:       Add_32_map.ncd
#OUTPUT FILE:      Add_32_pad.csv
#PART TYPE:        xc6slx4
#SPEED GRADE:      -3
#PACKAGE:          tqg144
#
# Pinout by Pin Number:
# 
# -----,-----,-----,-----,-----,-----,-----,-----,-----,-----,-----,-----,-----,-----,-----,
Pin Number,Signal Name,Pin Usage,Pin Name,Direction,IO Standard,IO Bank Number,Drive (mA),Slew Rate,Termination,IOB Delay,Voltage,Constraint,IO Register,Signal Integrity,
P1,,IOBS,IO_L83N_VREF_3,UNUSED,,3,,,,,,,,,
P2,,IOBM,IO_L83P_3,UNUSED,,3,,,,,,,,,
P3,,,GND,,,,,,,,,,,,
P4,,,VCCO_3,,,3,,,,,any******,,,,
P5,,IOBS,IO_L52N_3,UNUSED,,3,,,,,,,,,
P6,,IOBM,IO_L52P_3,UNUSED,,3,,,,,,,,,
P7,b<31>,IOB,IO_L51N_3,INPUT,LVCMOS25*,3,,,,NONE,,UNLOCATED,NO,NONE,
P8,b<30>,IOB,IO_L51P_3,INPUT,LVCMOS25*,3,,,,NONE,,UNLOCATED,NO,NONE,
P9,b<29>,IOB,IO_L50N_3,INPUT,LVCMOS25*,3,,,,NONE,,UNLOCATED,NO,NONE,
P10,b<28>,IOB,IO_L50P_3,INPUT,LVCMOS25*,3,,,,NONE,,UNLOCATED,NO,NONE,
P11,b<27>,IOB,IO_L49N_3,INPUT,LVCMOS25*,3,,,,NONE,,UNLOCATED,NO,NONE,
P12,b<26>,IOB,IO_L49P_3,INPUT,LVCMOS25*,3,,,,NONE,,UNLOCATED,NO,NONE,
P13,,,GND,,,,,,,,,,,,
P14,b<25>,IOB,IO_L44N_GCLK20_3,INPUT,LVCMOS25*,3,,,,NONE,,UNLOCATED,NO,NONE,
P15,b<24>,IOB,IO_L44P_GCLK21_3,INPUT,LVCMOS25*,3,,,,NONE,,UNLOCATED,NO,NONE,
P16,b<23>,IOB,IO_L43N_GCLK22_IRDY2_3,INPUT,LVCMOS25*,3,,,,NONE,,UNLOCATED,NO,NONE,
P17,b<22>,IOB,IO_L43P_GCLK23_3,INPUT,LVCMOS25*,3,,,,NONE,,UNLOCATED,NO,NONE,
P18,,,VCCO_3,,,3,,,,,any******,,,,
P19,,,VCCINT,,,,,,,,1.2,,,,
P20,,,VCCAUX,,,,,,,,2.5,,,,
P21,b<21>,IOB,IO_L42N_GCLK24_3,INPUT,LVCMOS25*,3,,,,NONE,,UNLOCATED,NO,NONE,
P22,b<20>,IOB,IO_L42P_GCLK25_TRDY2_3,INPUT,LVCMOS25*,3,,,,NONE,,UNLOCATED,NO,NONE,
P23,b<19>,IOB,IO_L41N_GCLK26_3,INPUT,LVCMOS25*,3,,,,NONE,,UNLOCATED,NO,NONE,
P24,b<18>,IOB,IO_L41P_GCLK27_3,INPUT,LVCMOS25*,3,,,,NONE,,UNLOCATED,NO,NONE,
P25,,,GND,,,,,,,,,,,,
P26,b<17>,IOB,IO_L37N_3,INPUT,LVCMOS25*,3,,,,NONE,,UNLOCATED,NO,NONE,
P27,b<16>,IOB,IO_L37P_3,INPUT,LVCMOS25*,3,,,,NONE,,UNLOCATED,NO,NONE,
P28,,,VCCINT,,,,,,,,1.2,,,,
P29,b<15>,IOB,IO_L36N_3,INPUT,LVCMOS25*,3,,,,NONE,,UNLOCATED,NO,NONE,
P30,b<14>,IOB,IO_L36P_3,INPUT,LVCMOS25*,3,,,,NONE,,UNLOCATED,NO,NONE,
P31,,,VCCO_3,,,3,,,,,any******,,,,
P32,b<13>,IOB,IO_L2N_3,INPUT,LVCMOS25*,3,,,,NONE,,UNLOCATED,NO,NONE,
P33,b<12>,IOB,IO_L2P_3,INPUT,LVCMOS25*,3,,,,NONE,,UNLOCATED,NO,NONE,
P34,b<11>,IOB,IO_L1N_VREF_3,INPUT,LVCMOS25*,3,,,,NONE,,UNLOCATED,NO,NONE,
P35,b<10>,IOB,IO_L1P_3,INPUT,LVCMOS25*,3,,,,NONE,,UNLOCATED,NO,NONE,
P36,,,VCCAUX,,,,,,,,2.5,,,,
P37,,,PROGRAM_B_2,,,,,,,,,,,,
P38,b<9>,IOB,IO_L65N_CSO_B_2,INPUT,LVCMOS25*,2,,,,NONE,,UNLOCATED,NO,NONE,
P39,b<8>,IOB,IO_L65P_INIT_B_2,INPUT,LVCMOS25*,2,,,,NONE,,UNLOCATED,NO,NONE,
P40,b<7>,IOB,IO_L64N_D9_2,INPUT,LVCMOS25*,2,,,,NONE,,UNLOCATED,NO,NONE,
P41,b<6>,IOB,IO_L64P_D8_2,INPUT,LVCMOS25*,2,,,,NONE,,UNLOCATED,NO,NONE,
P42,,,VCCO_2,,,2,,,,,2.50,,,,
P43,b<5>,IOB,IO_L62N_D6_2,INPUT,LVCMOS25*,2,,,,NONE,,UNLOCATED,NO,NONE,
P44,b<4>,IOB,IO_L62P_D5_2,INPUT,LVCMOS25*,2,,,,NONE,,UNLOCATED,NO,NONE,
P45,b<3>,IOB,IO_L49N_D4_2,INPUT,LVCMOS25*,2,,,,NONE,,UNLOCATED,NO,NONE,
P46,b<2>,IOB,IO_L49P_D3_2,INPUT,LVCMOS25*,2,,,,NONE,,UNLOCATED,NO,NONE,
P47,b<1>,IOB,IO_L48N_RDWR_B_VREF_2,INPUT,LVCMOS25*,2,,,,NONE,,UNLOCATED,NO,NONE,
P48,b<0>,IOB,IO_L48P_D7_2,INPUT,LVCMOS25*,2,,,,NONE,,UNLOCATED,NO,NONE,
P49,,,GND,,,,,,,,,,,,
P50,c_out,IOB,IO_L31N_GCLK30_D15_2,OUTPUT,LVCMOS25*,2,12,SLOW,,,,UNLOCATED,NO,NONE,
P51,a<31>,IOB,IO_L31P_GCLK31_D14_2,INPUT,LVCMOS25*,2,,,,NONE,,UNLOCATED,NO,NONE,
P52,,,VCCINT,,,,,,,,1.2,,,,
P53,,,VCCAUX,,,,,,,,2.5,,,,
P54,,,GND,,,,,,,,,,,,
P55,a<30>,IOB,IO_L30N_GCLK0_USERCCLK_2,INPUT,LVCMOS25*,2,,,,NONE,,UNLOCATED,NO,NONE,
P56,a<29>,IOB,IO_L30P_GCLK1_D13_2,INPUT,LVCMOS25*,2,,,,NONE,,UNLOCATED,NO,NONE,
P57,a<28>,IOB,IO_L14N_D12_2,INPUT,LVCMOS25*,2,,,,NONE,,UNLOCATED,NO,NONE,
P58,a<27>,IOB,IO_L14P_D11_2,INPUT,LVCMOS25*,2,,,,NONE,,UNLOCATED,NO,NONE,
P59,a<26>,IOB,IO_L13N_D10_2,INPUT,LVCMOS25*,2,,,,NONE,,UNLOCATED,NO,NONE,
P60,a<25>,IOB,IO_L13P_M1_2,INPUT,LVCMOS25*,2,,,,NONE,,UNLOCATED,NO,NONE,
P61,a<24>,IOB,IO_L12N_D2_MISO3_2,INPUT,LVCMOS25*,2,,,,NONE,,UNLOCATED,NO,NONE,
P62,a<23>,IOB,IO_L12P_D1_MISO2_2,INPUT,LVCMOS25*,2,,,,NONE,,UNLOCATED,NO,NONE,
P63,,,VCCO_2,,,2,,,,,2.50,,,,
P64,a<22>,IOB,IO_L3N_MOSI_CSI_B_MISO0_2,INPUT,LVCMOS25*,2,,,,NONE,,UNLOCATED,NO,NONE,
P65,a<21>,IOB,IO_L3P_D0_DIN_MISO_MISO1_2,INPUT,LVCMOS25*,2,,,,NONE,,UNLOCATED,NO,NONE,
P66,a<20>,IOB,IO_L2N_CMPMOSI_2,INPUT,LVCMOS25*,2,,,,NONE,,UNLOCATED,NO,NONE,
P67,a<19>,IOB,IO_L2P_CMPCLK_2,INPUT,LVCMOS25*,2,,,,NONE,,UNLOCATED,NO,NONE,
P68,,,GND,,,,,,,,,,,,
P69,a<18>,IOB,IO_L1N_M0_CMPMISO_2,INPUT,LVCMOS25*,2,,,,NONE,,UNLOCATED,NO,NONE,
P70,a<17>,IOB,IO_L1P_CCLK_2,INPUT,LVCMOS25*,2,,,,NONE,,UNLOCATED,NO,NONE,
P71,,,DONE_2,,,,,,,,,,,,
P72,,,CMPCS_B_2,,,,,,,,,,,,
P73,,,SUSPEND,,,,,,,,,,,,
P74,a<16>,IOB,IO_L74N_DOUT_BUSY_1,INPUT,LVCMOS25*,1,,,,NONE,,UNLOCATED,NO,NONE,
P75,a<15>,IOB,IO_L74P_AWAKE_1,INPUT,LVCMOS25*,1,,,,NONE,,UNLOCATED,NO,NONE,
P76,,,VCCO_1,,,1,,,,,2.50,,,,
P77,,,GND,,,,,,,,,,,,
P78,a<14>,IOB,IO_L47N_1,INPUT,LVCMOS25*,1,,,,NONE,,UNLOCATED,NO,NONE,
P79,a<13>,IOB,IO_L47P_1,INPUT,LVCMOS25*,1,,,,NONE,,UNLOCATED,NO,NONE,
P80,a<12>,IOB,IO_L46N_1,INPUT,LVCMOS25*,1,,,,NONE,,UNLOCATED,NO,NONE,
P81,a<11>,IOB,IO_L46P_1,INPUT,LVCMOS25*,1,,,,NONE,,UNLOCATED,NO,NONE,
P82,a<10>,IOB,IO_L45N_1,INPUT,LVCMOS25*,1,,,,NONE,,UNLOCATED,NO,NONE,
P83,a<9>,IOB,IO_L45P_1,INPUT,LVCMOS25*,1,,,,NONE,,UNLOCATED,NO,NONE,
P84,a<8>,IOB,IO_L43N_GCLK4_1,INPUT,LVCMOS25*,1,,,,NONE,,UNLOCATED,NO,NONE,
P85,a<7>,IOB,IO_L43P_GCLK5_1,INPUT,LVCMOS25*,1,,,,NONE,,UNLOCATED,NO,NONE,
P86,,,VCCO_1,,,1,,,,,2.50,,,,
P87,a<6>,IOB,IO_L42N_GCLK6_TRDY1_1,INPUT,LVCMOS25*,1,,,,NONE,,UNLOCATED,NO,NONE,
P88,a<5>,IOB,IO_L42P_GCLK7_1,INPUT,LVCMOS25*,1,,,,NONE,,UNLOCATED,NO,NONE,
P89,,,VCCINT,,,,,,,,1.2,,,,
P90,,,VCCAUX,,,,,,,,2.5,,,,
P91,,,GND,,,,,,,,,,,,
P92,a<4>,IOB,IO_L41N_GCLK8_1,INPUT,LVCMOS25*,1,,,,NONE,,UNLOCATED,NO,NONE,
P93,a<3>,IOB,IO_L41P_GCLK9_IRDY1_1,INPUT,LVCMOS25*,1,,,,NONE,,UNLOCATED,NO,NONE,
P94,a<2>,IOB,IO_L40N_GCLK10_1,INPUT,LVCMOS25*,1,,,,NONE,,UNLOCATED,NO,NONE,
P95,a<1>,IOB,IO_L40P_GCLK11_1,INPUT,LVCMOS25*,1,,,,NONE,,UNLOCATED,NO,NONE,
P96,,,GND,,,,,,,,,,,,
P97,a<0>,IOB,IO_L34N_1,INPUT,LVCMOS25*,1,,,,NONE,,UNLOCATED,NO,NONE,
P98,c_in,IOB,IO_L34P_1,INPUT,LVCMOS25*,1,,,,NONE,,UNLOCATED,NO,NONE,
P99,sum<31>,IOB,IO_L33N_1,OUTPUT,LVCMOS25*,1,12,SLOW,,,,UNLOCATED,NO,NONE,
P100,sum<30>,IOB,IO_L33P_1,OUTPUT,LVCMOS25*,1,12,SLOW,,,,UNLOCATED,NO,NONE,
P101,sum<29>,IOB,IO_L32N_1,OUTPUT,LVCMOS25*,1,12,SLOW,,,,UNLOCATED,NO,NONE,
P102,sum<28>,IOB,IO_L32P_1,OUTPUT,LVCMOS25*,1,12,SLOW,,,,UNLOCATED,NO,NONE,
P103,,,VCCO_1,,,1,,,,,2.50,,,,
P104,sum<27>,IOB,IO_L1N_VREF_1,OUTPUT,LVCMOS25*,1,12,SLOW,,,,UNLOCATED,NO,NONE,
P105,sum<26>,IOB,IO_L1P_1,OUTPUT,LVCMOS25*,1,12,SLOW,,,,UNLOCATED,NO,NONE,
P106,,,TDO,,,,,,,,,,,,
P107,,,TMS,,,,,,,,,,,,
P108,,,GND,,,,,,,,,,,,
P109,,,TCK,,,,,,,,,,,,
P110,,,TDI,,,,,,,,,,,,
P111,sum<25>,IOB,IO_L66N_SCP0_0,OUTPUT,LVCMOS25*,0,12,SLOW,,,,UNLOCATED,NO,NONE,
P112,sum<24>,IOB,IO_L66P_SCP1_0,OUTPUT,LVCMOS25*,0,12,SLOW,,,,UNLOCATED,NO,NONE,
P113,,,GND,,,,,,,,,,,,
P114,sum<23>,IOB,IO_L65N_SCP2_0,OUTPUT,LVCMOS25*,0,12,SLOW,,,,UNLOCATED,NO,NONE,
P115,sum<22>,IOB,IO_L65P_SCP3_0,OUTPUT,LVCMOS25*,0,12,SLOW,,,,UNLOCATED,NO,NONE,
P116,sum<21>,IOB,IO_L64N_SCP4_0,OUTPUT,LVCMOS25*,0,12,SLOW,,,,UNLOCATED,NO,NONE,
P117,sum<20>,IOB,IO_L64P_SCP5_0,OUTPUT,LVCMOS25*,0,12,SLOW,,,,UNLOCATED,NO,NONE,
P118,sum<19>,IOB,IO_L63N_SCP6_0,OUTPUT,LVCMOS25*,0,12,SLOW,,,,UNLOCATED,NO,NONE,
P119,sum<18>,IOB,IO_L63P_SCP7_0,OUTPUT,LVCMOS25*,0,12,SLOW,,,,UNLOCATED,NO,NONE,
P120,sum<17>,IOB,IO_L62N_VREF_0,OUTPUT,LVCMOS25*,0,12,SLOW,,,,UNLOCATED,NO,NONE,
P121,sum<16>,IOB,IO_L62P_0,OUTPUT,LVCMOS25*,0,12,SLOW,,,,UNLOCATED,NO,NONE,
P122,,,VCCO_0,,,0,,,,,2.50,,,,
P123,sum<15>,IOB,IO_L37N_GCLK12_0,OUTPUT,LVCMOS25*,0,12,SLOW,,,,UNLOCATED,NO,NONE,
P124,sum<14>,IOB,IO_L37P_GCLK13_0,OUTPUT,LVCMOS25*,0,12,SLOW,,,,UNLOCATED,NO,NONE,
P125,,,VCCO_0,,,0,,,,,2.50,,,,
P126,sum<13>,IOB,IO_L36N_GCLK14_0,OUTPUT,LVCMOS25*,0,12,SLOW,,,,UNLOCATED,NO,NONE,
P127,sum<12>,IOB,IO_L36P_GCLK15_0,OUTPUT,LVCMOS25*,0,12,SLOW,,,,UNLOCATED,NO,NONE,
P128,,,VCCINT,,,,,,,,1.2,,,,
P129,,,VCCAUX,,,,,,,,2.5,,,,
P130,,,GND,,,,,,,,,,,,
P131,sum<11>,IOB,IO_L35N_GCLK16_0,OUTPUT,LVCMOS25*,0,12,SLOW,,,,UNLOCATED,NO,NONE,
P132,sum<10>,IOB,IO_L35P_GCLK17_0,OUTPUT,LVCMOS25*,0,12,SLOW,,,,UNLOCATED,NO,NONE,
P133,sum<9>,IOB,IO_L34N_GCLK18_0,OUTPUT,LVCMOS25*,0,12,SLOW,,,,UNLOCATED,NO,NONE,
P134,sum<8>,IOB,IO_L34P_GCLK19_0,OUTPUT,LVCMOS25*,0,12,SLOW,,,,UNLOCATED,NO,NONE,
P135,,,VCCO_0,,,0,,,,,2.50,,,,
P136,,,GND,,,,,,,,,,,,
P137,sum<7>,IOB,IO_L4N_0,OUTPUT,LVCMOS25*,0,12,SLOW,,,,UNLOCATED,NO,NONE,
P138,sum<6>,IOB,IO_L4P_0,OUTPUT,LVCMOS25*,0,12,SLOW,,,,UNLOCATED,NO,NONE,
P139,sum<5>,IOB,IO_L3N_0,OUTPUT,LVCMOS25*,0,12,SLOW,,,,UNLOCATED,NO,NONE,
P140,sum<4>,IOB,IO_L3P_0,OUTPUT,LVCMOS25*,0,12,SLOW,,,,UNLOCATED,NO,NONE,
P141,sum<3>,IOB,IO_L2N_0,OUTPUT,LVCMOS25*,0,12,SLOW,,,,UNLOCATED,NO,NONE,
P142,sum<2>,IOB,IO_L2P_0,OUTPUT,LVCMOS25*,0,12,SLOW,,,,UNLOCATED,NO,NONE,
P143,sum<1>,IOB,IO_L1N_VREF_0,OUTPUT,LVCMOS25*,0,12,SLOW,,,,UNLOCATED,NO,NONE,
P144,sum<0>,IOB,IO_L1P_HSWAPEN_0,OUTPUT,LVCMOS25*,0,12,SLOW,,,,UNLOCATED,NO,NONE,

# -----,-----,-----,-----,-----,-----,-----,-----,-----,-----,-----,-----,-----,-----,-----,
# 
#* Default value.
#** This default Pullup/Pulldown value can be overridden in Bitgen. 
#****** Special VCCO requirements may apply. Please consult the device 
#       family datasheet for specific guideline on VCCO requirements. 
#
#
#